rx_time,seq,pkt_no,ms,flight_mode,eject_state,altitude_cm,acc_x,acc_y,acc_z,gyro_x,gyro_y,gyro_z,pressure,bmp_temp,voltage_mv,current_ma,system_status,ack_received,crc16
1783146718.289,1,1,3,0,0,-7,-30,9,1027,-2,-2,-5,101325,2500,7400,503,0xf,False,0x0
1783146718.497,2,2,211,0,0,-16,50,-12,1011,4,-3,-2,101325,2500,7400,513,0xf,False,0x0
1783146718.698,3,3,413,0,0,3,-19,23,994,0,-2,4,101325,2500,7400,498,0xf,False,0x0
1783146718.926,4,4,640,0,0,0,56,-19,1039,-1,1,1,101325,2500,7400,507,0xf,False,0x0
1783146719.126,5,5,840,0,0,-1,-6,0,1011,-2,-5,-3,101325,2500,7400,496,0xf,False,0x0
1783146719.335,6,6,1050,0,0,16,13,48,956,-1,-5,-3,101325,2500,7400,504,0xf,False,0x0
1783146719.536,7,7,1251,0,0,-16,-26,5,1006,-5,5,-4,101325,2500,7400,482,0xf,False,0x0
1783146719.737,8,8,1452,0,0,8,-40,-58,985,-4,1,5,101325,2500,7400,482,0xf,False,0x0
1783146719.937,9,9,1652,0,0,-7,13,-23,983,-3,4,3,101325,2500,7400,496,0xf,False,0x0
1783146720.145,10,10,1860,0,0,19,-50,-17,970,3,-3,-2,101325,2500,7400,512,0xf,False,0x0
1783146720.346,11,11,2061,0,0,-15,36,47,962,-5,1,0,101325,2500,7400,509,0xf,False,0x0
1783146720.547,12,12,2262,0,0,-13,36,5,1042,-4,3,3,101325,2500,7400,514,0xf,False,0x0
1783146720.748,13,13,2463,0,0,13,-46,-44,1009,-1,3,1,101325,2500,7400,518,0xf,False,0x0
1783146720.949,14,14,2664,0,0,-13,-45,-33,968,2,-1,3,101325,2500,7399,518,0xf,False,0x0
1783146721.354,16,16,3068,0,0,-16,-45,54,973,4,3,3,101325,2500,7399,501,0xf,False,0x0
1783146721.554,17,17,3269,0,0,5,29,-8,1009,0,5,4,101325,2500,7399,484,0xf,False,0x0
1783146721.756,18,18,3470,0,0,-4,37,-1,989,-3,-5,5,101325,2500,7399,497,0xf,False,0x0
1783146721.956,19,19,3670,0,0,-15,27,-11,1016,4,-2,-4,101325,2500,7399,519,0xf,False,0x0
1783146722.191,20,20,3906,0,0,-14,41,-38,969,-2,0,4,101325,2500,7399,504,0xf,False,0x0
1783146722.391,21,21,4106,0,0,-2,-6,-2,1003,-5,4,-1,101325,2500,7399,502,0xf,False,0x0
1783146722.664,22,22,4379,0,0,-13,49,10,1000,-4,5,-2,101325,2500,7399,508,0xf,False,0x0
1783146722.865,23,23,4580,0,0,-10,-5,55,1004,0,4,5,101325,2500,7399,497,0xf,False,0x0
1783146723.125,24,24,4839,0,0,10,37,-47,987,-2,5,-2,101325,2500,7399,490,0xf,False,0x0
1783146723.325,25,25,5040,1,0,-13,-22,-43,952,-2,3,1,101325,2500,7398,519,0xf,False,0x0
1783146723.532,26,26,5246,1,0,3,-11,-2,953,2,2,5,101325,2500,7398,503,0xf,False,0x0
1783146723.733,27,27,5448,1,0,18,-27,-18,965,4,5,4,101325,2500,7398,482,0xf,False,0x0
1783146723.936,28,28,5651,1,0,-11,-16,-46,1021,-4,5,0,101325,2500,7398,516,0xf,False,0x0
1783146724.137,29,29,5851,1,0,10,22,44,960,2,-4,-5,101325,2500,7398,482,0xf,False,0x0
1783146724.339,30,30,6054,1,0,2,39,1,974,-1,3,-1,101325,2500,7398,495,0xf,False,0x0
1783146724.540,31,31,6254,1,0,1,-23,16,1007,2,1,2,101325,2500,7398,486,0xf,False,0x0
1783146724.755,32,32,6470,1,0,-8,26,8,962,4,3,-3,101325,2500,7398,480,0xf,False,0x0
1783146724.956,33,33,6671,1,0,7,48,-2,968,-4,-4,-4,101325,2500,7398,514,0xf,False,0x0
1783146725.190,34,34,6904,1,0,2,41,-22,1004,-5,-1,5,101325,2500,7398,504,0xf,False,0x0
1783146725.390,35,35,7105,1,0,19,-54,13,998,-2,0,1,101325,2500,7398,504,0xf,False,0x0
1783146725.851,37,37,7566,1,0,-9,-46,-15,999,5,2,-5,101325,2500,7397,495,0xf,False,0x0
1783146726.135,38,38,7850,1,0,-10,-21,44,1031,-4,-3,-1,101325,2500,7397,495,0xf,False,0x0
1783146726.336,39,39,8050,1,0,-6,31,21,1045,-5,5,-1,101325,2500,7397,508,0xf,False,0x0
1783146726.557,40,40,8271,1,0,18,-14,-17,996,4,5,-2,101325,2500,7397,488,0xf,False,0x0
1783146726.757,41,41,8472,1,0,4,36,-31,1029,2,2,-2,101325,2500,7397,518,0xf,False,0x0
1783146727.031,42,42,8746,1,0,-15,4,18,1038,1,3,-2,101325,2500,7397,508,0xf,False,0x0
1783146727.232,43,43,8947,1,0,6,-35,32,1018,-1,4,2,101325,2500,7397,506,0xf,False,0x0
1783146727.470,44,44,9184,1,0,-9,46,-4,978,4,1,0,101325,2500,7397,493,0xf,False,0x0
1783146727.671,45,45,9385,1,0,-11,15,34,956,-1,-2,-2,101325,2500,7397,483,0xf,False,0x0
1783146727.910,46,46,9625,1,0,-9,22,-18,973,1,-4,-1,101325,2500,7397,482,0xf,False,0x0
1783146728.111,47,47,9826,1,0,-16,41,-9,1032,-3,3,3,101325,2500,7397,514,0xf,False,0x0
1783146728.314,48,48,10028,2,0,199,55,7,1059,-5,3,-3,101302,2498,7396,502,0xf,False,0x0
1783146728.514,49,49,10229,2,0,1427,-35,-26,1375,-1,4,-5,101149,2490,7396,510,0xf,False,0x0
1783146728.755,50,50,10469,2,0,2916,34,17,1692,1,-5,-1,100969,2481,7396,496,0xf,False,0x0
1783146728.957,51,51,10671,2,0,4108,-9,-20,1992,2,-3,0,100823,2473,7396,500,0xf,False,0x0
1783146729.425,53,53,11139,2,0,6792,-60,-16,2616,-3,5,2,100498,2455,7396,482,0xf,False,0x0
1783146729.664,54,54,11379,2,0,8079,43,-56,2865,3,1,2,100340,2447,7396,518,0xf,False,0x0
1783146729.865,55,55,11579,2,0,9143,-6,18,3105,-4,-4,3,100211,2440,7396,497,0xf,False,0x0
1783146730.094,56,56,11809,2,0,10281,33,-24,3250,-1,3,5,100068,2433,7396,485,0xf,False,0x0
1783146730.296,57,57,12011,2,0,11287,58,-49,3394,2,-5,5,99946,2426,7396,498,0xf,False,0x0
1783146730.510,58,58,12225,2,0,12311,18,37,3433,-2,3,3,99821,2419,7396,499,0xf,False,0x0
1783146730.711,59,59,12426,2,0,13234,-14,60,3456,2,-4,-5,99708,2413,7396,484,0xf,False,0x0
1783146730.916,60,60,12630,2,0,14158,36,-35,3455,-1,1,1,99596,2407,7395,514,0xf,False,0x0
1783146731.117,61,61,12831,2,0,15054,13,-49,3415,2,-5,-4,99490,2402,7395,513,0xf,False,0x0
1783146731.317,62,62,13032,2,0,15873,26,-35,3390,-4,1,-4,99388,2396,7395,496,0xf,False,0x0
1783146731.517,63,63,13232,2,0,16665,-24,52,3211,4,-2,1,99290,2391,7395,520,0xf,False,0x0
1783146731.724,64,64,13438,2,0,17464,-52,34,3044,2,-5,1,99192,2386,7395,484,0xf,False,0x0
1783146731.924,65,65,13639,2,0,18202,-35,28,2839,1,0,3,99101,2381,7395,483,0xf,False,0x0
1783146732.165,66,66,13880,2,0,19067,45,16,2589,-5,-5,-2,98997,2375,7395,505,0xf,False,0x0
1783146732.571,68,68,14285,3,1,20401,33,-20,2092,-3,2,-1,98833,2367,7395,481,0xf,False,0x0
1783146733.173,71,71,14887,3,1,22187,33,39,1211,5,-5,-4,98617,2355,7395,491,0xf,False,0x0
1783146733.377,72,72,15091,3,1,22729,-47,3,-182,-4,-1,5,98552,2352,7394,486,0xf,False,0x0
1783146733.580,73,73,15295,3,1,23233,-59,-12,-232,0,0,2,98490,2348,7394,491,0xf,False,0x0
1783146734.018,75,75,15732,3,1,24206,5,55,-217,4,-4,-5,98370,2342,7394,495,0xf,False,0x0
1783146734.219,76,76,15933,3,1,24633,-8,-9,-308,0,-1,-5,98321,2339,7394,501,0xf,False,0x0
1783146734.450,77,77,16164,3,1,25059,-20,19,-318,4,4,0,98269,2337,7394,509,0xf,False,0x0
1783146734.650,78,78,16365,3,1,25363,41,10,-305,-2,-3,1,98228,2335,7394,489,0xf,False,0x0
1783146734.881,79,79,16595,3,1,25745,-59,-6,-319,3,5,0,98186,2332,7394,519,0xf,False,0x0
1783146735.081,80,80,16796,3,1,25987,55,-35,-301,-2,-1,-1,98152,2330,7394,507,0xf,False,0x0
1783146735.282,81,81,16996,3,1,26226,10,-12,-350,4,2,0,98123,2329,7394,504,0xf,False,0x0
1783146735.482,82,82,17197,3,1,26439,45,-40,-393,1,2,3,98097,2328,7394,489,0xf,False,0x0
1783146735.693,83,83,17407,3,1,26639,-11,8,-360,2,2,0,98074,2326,7394,514,0xf,False,0x0
1783146735.893,84,84,17608,3,1,26778,-23,26,-405,-1,1,-1,98055,2325,7393,500,0xf,False,0x0
1783146736.122,85,85,17837,3,1,26928,21,42,-429,-4,-2,1,98039,2324,7393,516,0xf,False,0x0
1783146736.323,86,86,18038,3,1,27017,-59,-56,-479,-2,2,-1,98028,2324,7393,520,0xf,False,0x0
1783146736.523,87,87,18238,3,1,27063,35,-29,-438,4,-3,-4,98022,2324,7393,496,0xf,False,0x0
1783146736.724,88,88,18438,3,1,27106,-10,30,-479,-5,-5,-2,98019,2323,7393,511,0xf,False,0x0
1783146736.926,89,89,18641,3,1,27067,45,31,-136,4,2,1,98022,2324,7393,492,0xf,False,0x0
1783146737.135,90,90,18850,3,1,27013,-12,-3,-57,0,3,1,98029,2324,7393,511,0xf,False,0x0
1783146737.336,91,91,19050,3,1,26973,-49,12,-78,1,-4,4,98035,2324,7393,489,0xf,False,0x0
1783146737.546,92,92,19260,3,1,26916,45,24,-139,-1,4,3,98041,2325,7393,515,0xf,False,0x0
1783146737.746,93,93,19461,3,1,26853,-32,57,-59,0,-5,-4,98047,2325,7393,520,0xf,False,0x0
1783146737.947,94,94,19661,3,1,26811,-40,-6,-112,-2,0,-4,98054,2325,7393,481,0xf,False,0x0
1783146738.147,95,95,19861,3,1,26777,-31,-18,-130,-1,1,-4,98060,2326,7393,505,0xf,False,0x0
1783146738.359,96,96,20074,3,1,26718,38,-43,-108,3,0,-3,98066,2326,7392,496,0xf,False,0x0
1783146738.561,97,97,20276,3,1,26650,-40,-21,-153,4,1,-5,98073,2326,7392,498,0xf,False,0x0
1783146738.808,98,98,20523,3,1,26580,-55,-57,-80,2,2,-5,98080,2327,7392,508,0xf,False,0x0
1783146739.009,99,99,20723,3,1,26555,-37,50,-55,0,-5,1,98087,2327,7392,498,0xf,False,0x0
1783146739.659,102,102,21373,3,1,26357,48,34,-107,4,-4,3,98107,2328,7392,489,0xf,False,0x0
1783146739.859,103,103,21574,3,1,26322,-46,50,-58,-5,3,-5,98113,2328,7392,486,0xf,False,0x0
1783146740.095,104,104,21809,3,1,26262,-28,-6,-113,0,-5,4,98120,2329,7392,497,0xf,False,0x0
1783146740.295,105,105,22010,3,1,26196,17,-29,-70,4,3,-4,98127,2329,7392,493,0xf,False,0x0
1783146740.548,106,106,22263,3,1,26150,43,-11,-64,-5,-3,-2,98135,2330,7392,484,0xf,False,0x0
1783146740.748,107,107,22463,3,1,26104,-27,32,-65,-1,-4,-3,98141,2330,7392,485,0xf,False,0x0
1783146741.007,108,108,22722,3,1,26020,18,-49,-139,-3,-3,-5,98149,2330,7391,485,0xf,False,0x0
1783146741.207,109,109,22922,3,1,25966,-6,-27,-69,-4,0,-5,98156,2331,7391,494,0xf,False,0x0
1783146741.488,110,110,23203,3,1,25907,14,-35,-103,5,-4,4,98164,2331,7391,504,0xf,False,0x0
1783146741.690,111,111,23404,3,1,25849,35,-35,-60,0,0,0,98171,2331,7391,491,0xf,False,0x0
1783146742.419,114,114,24134,3,1,25670,-7,-20,-59,3,-2,-4,98194,2333,7391,520,0xf,False,0x0
1783146742.620,115,115,24334,3,1,25597,-32,48,-129,3,-4,-3,98200,2333,7391,491,0xf,False,0x0
1783146742.872,116,116,24586,3,1,25534,29,-22,-88,-2,1,-4,98209,2333,7391,496,0xf,False,0x0
1783146743.072,117,117,24787,3,1,25472,-24,-27,-62,0,-1,-5,98215,2334,7391,516,0xf,False,0x0
1783146743.328,118,118,25043,3,1,25418,-55,-5,-127,1,2,-3,98223,2334,7390,507,0xf,False,0x0
1783146743.528,119,119,25243,3,1,25362,-23,-56,-77,1,1,0,98230,2335,7390,512,0xf,False,0x0
1783146743.787,120,120,25502,3,1,25298,-25,53,-59,3,2,4,98238,2335,7390,514,0xf,False,0x0
1783146743.990,121,121,25705,3,1,25225,23,-11,-131,2,0,2,98245,2335,7390,493,0xf,False,0x0
1783146744.200,122,122,25914,3,1,25184,-53,60,-34,-4,-4,0,98251,2336,7390,497,0xf,False,0x0
1783146744.400,123,123,26115,3,1,25150,1,-29,-71,-1,-4,0,98258,2336,7390,482,0xf,False,0x0
1783146744.707,124,124,26422,3,1,25058,-21,-27,-54,5,-3,5,98268,2337,7390,498,0xf,False,0x0
1783146744.908,125,125,26623,3,1,24995,53,-56,-46,4,2,0,98274,2337,7390,480,0xf,False,0x0
1783146745.186,126,126,26900,3,1,24921,29,-49,-131,0,-2,2,98284,2337,7390,497,0xf,False,0x0
1783146745.386,127,127,27101,3,1,24852,51,16,-87,-1,-1,5,98290,2338,7390,499,0xf,False,0x0
1783146745.604,128,128,27318,3,1,24823,-50,-34,-75,4,5,1,98297,2338,7390,495,0xf,False,0x0
1783146745.804,129,129,27519,3,1,24779,-12,46,-122,-5,-4,-4,98304,2339,7389,504,0xf,False,0x0
1783146746.076,130,130,27790,3,1,24703,25,-2,-132,2,-4,-2,98313,2339,7389,494,0xf,False,0x0
1783146746.276,131,131,27991,3,1,24646,-46,-38,-109,-3,5,4,98319,2339,7389,506,0xf,False,0x0
1783146746.547,132,132,28261,3,1,24576,47,36,-102,4,2,-1,98328,2340,7389,483,0xf,False,0x0
1783146746.747,133,133,28462,3,1,24517,-30,-38,-89,1,-2,4,98335,2340,7389,493,0xf,False,0x0
1783146747.012,134,134,28726,3,1,24420,-15,45,-34,-3,3,2,98344,2341,7389,518,0xf,False,0x0
1783146747.212,135,135,28927,3,1,24369,30,48,-67,2,3,0,98350,2341,7389,517,0xf,False,0x0
1783146747.467,136,136,29182,3,1,24312,-12,-11,-89,4,-4,2,98359,2342,7389,500,0xf,False,0x0
1783146747.668,137,137,29382,3,1,24238,-39,-19,-103,0,4,-1,98366,2342,7389,503,0xf,False,0x0
1783146747.900,138,138,29615,3,1,24193,-35,-27,-119,-5,-3,5,98373,2342,7389,486,0xf,False,0x0
1783146748.100,139,139,29815,3,1,24133,18,33,-99,-2,5,-3,98380,2343,7389,502,0xf,False,0x0
1783146748.361,140,140,30076,3,1,24063,47,-5,-104,-2,-2,-4,98389,2343,7388,515,0xf,False,0x0
1783146748.562,141,141,30277,3,1,23996,39,-56,-134,-1,-3,-3,98396,2343,7388,485,0xf,False,0x0
1783146748.837,142,142,30552,3,1,23916,20,-6,-52,1,1,0,98405,2344,7388,500,0xf,False,0x0
1783146749.038,143,143,30752,3,1,23858,55,-18,-90,-5,3,-5,98412,2344,7388,509,0xf,False,0x0
1783146749.282,144,144,30997,3,1,23801,-55,-10,-107,5,-3,4,98420,2345,7388,497,0xf,False,0x0
1783146749.483,145,145,31198,3,1,23755,-53,23,-62,3,-3,-3,98427,2345,7388,485,0xf,False,0x0
1783146749.724,146,146,31438,3,1,23702,-54,-8,-40,-3,5,-1,98435,2346,7388,500,0xf,False,0x0
1783146749.924,147,147,31639,3,1,23622,-11,49,-49,-3,-4,0,98442,2346,7388,481,0xf,False,0x0
1783146750.363,149,149,32077,3,1,23500,55,-21,-119,5,-3,-1,98457,2347,7388,498,0xf,False,0x0
1783146750.620,150,150,32334,3,1,23428,60,49,-63,-4,-5,-2,98466,2347,7388,488,0xf,False,0x0
1783146750.826,151,151,32540,3,1,23357,11,-44,-130,4,0,3,98473,2348,7387,482,0xf,False,0x0
1783146751.026,152,152,32741,3,1,23324,-22,-26,-141,1,-1,2,98480,2348,7387,499,0xf,False,0x0
1783146751.429,154,154,33143,3,1,23199,-26,48,-50,4,-1,-5,98494,2349,7387,505,0xf,False,0x0
1783146751.851,156,156,33565,3,1,23078,9,-10,-141,-3,-4,4,98509,2349,7387,482,0xf,False,0x0
1783146752.121,157,157,33836,3,1,22994,19,28,-82,0,-2,5,98518,2350,7387,503,0xf,False,0x0
1783146752.322,158,158,34036,3,1,22939,44,-10,-119,5,-4,3,98525,2350,7387,509,0xf,False,0x0
1783146752.594,159,159,34309,3,1,22853,-20,-39,-127,-5,-1,-2,98535,2351,7387,506,0xf,False,0x0
1783146753.024,161,161,34738,3,1,22761,-24,45,-98,5,0,-5,98550,2352,7387,504,0xf,False,0x0
1783146753.227,162,162,34941,3,1,22678,39,9,-119,-4,-3,0,98557,2352,7387,520,0xf,False,0x0
1783146753.458,163,163,35172,3,1,22619,3,-46,-138,-4,1,4,98565,2352,7386,512,0xf,False,0x0
1783146753.658,164,164,35373,3,1,22543,52,25,-115,1,4,4,98572,2353,7386,492,0xf,False,0x0
1783146754.102,166,166,35816,3,1,22442,26,4,-61,-2,3,2,98588,2354,7386,506,0xf,False,0x0
1783146754.326,167,167,36041,3,1,22365,26,-40,-126,1,3,2,98596,2354,7386,501,0xf,False,0x0
1783146754.527,168,168,36241,3,1,22291,-14,-42,-66,-3,5,0,98603,2355,7386,481,0xf,False,0x0
1783146754.984,170,170,36699,3,1,22154,25,58,-64,-2,0,4,98620,2355,7386,495,0xf,False,0x0
1783146755.224,171,171,36939,3,1,22098,25,1,-71,-3,-5,0,98628,2356,7386,494,0xf,False,0x0
1783146755.425,172,172,37139,3,1,22039,47,-12,-127,3,2,1,98635,2356,7386,513,0xf,False,0x0
1783146755.660,173,173,37374,3,1,21983,-38,-50,-123,2,-1,-3,98644,2357,7386,481,0xf,False,0x0
1783146755.861,174,174,37575,3,1,21926,-43,52,-107,-3,2,-5,98651,2357,7385,513,0xf,False,0x0
1783146756.129,175,175,37844,3,1,21842,14,11,-86,5,-3,-4,98661,2358,7385,493,0xf,False,0x0
1783146756.330,176,176,38044,3,1,21751,29,37,-37,-1,-3,-5,98668,2358,7385,501,0xf,False,0x0
1783146756.563,177,177,38278,3,1,21681,58,-54,-143,5,-2,-3,98677,2358,7385,501,0xf,False,0x0
1783146756.764,178,178,38479,3,1,21652,57,53,-130,5,2,3,98684,2359,7385,504,0xf,False,0x0
1783146757.046,179,179,38760,3,1,21561,29,-49,-69,0,-4,-5,98695,2359,7385,503,0xf,False,0x0
1783146757.246,180,180,38961,3,1,21510,36,-56,-147,-3,1,0,98702,2360,7385,509,0xf,False,0x0
1783146757.510,181,181,39225,3,1,21403,-7,-46,-121,4,4,3,98712,2360,7385,509,0xf,False,0x0
1783146757.711,182,182,39425,3,1,21354,-47,-53,-64,-1,-1,2,98719,2361,7385,508,0xf,False,0x0
1783146757.953,183,183,39667,3,1,21276,-55,-48,-74,1,-5,-3,98728,2361,7385,513,0xf,False,0x0
1783146758.153,184,184,39868,3,1,21229,-34,-42,-68,3,1,5,98736,2362,7385,490,0xf,False,0x0
1783146758.414,185,185,40129,3,1,21121,-39,-20,-118,4,-5,5,98745,2362,7384,495,0xf,False,0x0
1783146758.614,186,186,40329,3,1,21091,38,-36,-90,2,1,-3,98753,2362,7384,487,0xf,False,0x0
1783146758.815,187,187,40529,3,1,21027,26,-8,-76,0,1,2,98761,2363,7384,484,0xf,False,0x0
1783146759.018,188,188,40732,3,1,20937,-9,8,-135,1,0,-2,98768,2363,7384,518,0xf,False,0x0
1783146759.220,189,189,40935,3,1,20879,-9,58,-91,3,-1,5,98776,2364,7384,499,0xf,False,0x0
1783146759.421,190,190,41135,3,1,20812,60,44,-104,1,4,-5,98783,2364,7384,490,0xf,False,0x0
1783146759.659,191,191,41374,3,1,20752,-21,58,-128,5,-4,-3,98792,2365,7384,500,0xf,False,0x0
1783146759.859,192,192,41574,3,1,20690,59,58,-76,2,-4,2,98800,2365,7384,487,0xf,False,0x0
1783146760.115,193,193,41829,3,1,20630,7,10,-72,2,-5,3,98810,2366,7384,511,0xf,False,0x0
1783146760.315,194,194,42030,3,1,20557,-5,-44,-73,-5,-3,-4,98818,2366,7384,486,0xf,False,0x0
1783146760.560,195,195,42274,3,1,20466,-1,28,-72,-3,-3,3,98827,2366,7384,518,0xf,False,0x0
1783146760.761,196,196,42476,3,1,20424,13,-55,-88,-3,-4,1,98835,2367,7384,497,0xf,False,0x0
1783146761.030,197,197,42744,3,1,20314,13,45,-106,4,-3,1,98845,2367,7383,502,0xf,False,0x0
1783146761.231,198,198,42945,3,1,20254,-60,42,-116,-5,-3,0,98853,2368,7383,508,0xf,False,0x0
1783146761.465,199,199,43180,3,1,20189,14,13,-132,-4,0,5,98862,2368,7383,501,0xf,False,0x0
1783146761.669,200,200,43383,3,1,20101,-28,25,-55,-5,-2,2,98870,2369,7383,486,0xf,False,0x0
1783146761.872,201,201,43586,3,1,20040,59,32,-58,1,-2,3,98878,2369,7383,519,0xf,False,0x0
1783146762.076,202,202,43791,3,1,19970,-15,-44,-121,-4,3,2,98886,2370,7383,488,0xf,False,0x0
1783146762.279,203,203,43993,3,1,19912,-24,6,-68,-4,3,2,98894,2370,7383,490,0xf,False,0x0
1783146762.486,204,204,44201,3,1,19841,26,-9,-71,-3,0,-3,98902,2370,7383,489,0xf,False,0x0
1783146762.686,205,205,44401,3,1,19777,-37,3,-48,1,3,-4,98910,2371,7383,491,0xf,False,0x0
1783146762.889,206,206,44603,3,1,19710,-25,15,-106,-5,-4,4,98918,2371,7383,480,0xf,False,0x0
1783146763.089,207,207,44804,3,1,19642,29,-32,-131,2,2,-4,98926,2372,7383,498,0xf,False,0x0
1783146763.366,208,208,45080,3,1,19577,16,49,-125,5,5,-5,98937,2372,7382,505,0xf,False,0x0
1783146763.566,209,209,45281,3,1,19490,-15,52,-40,-5,-3,-1,98945,2373,7382,517,0xf,False,0x0
1783146763.794,210,210,45508,3,1,19429,-24,-53,-66,2,-2,3,98954,2373,7382,489,0xf,False,0x0
1783146763.995,211,211,45709,3,1,19351,34,-35,-147,-4,4,-3,98962,2374,7382,491,0xf,False,0x0
1783146764.237,212,212,45952,3,1,19268,-5,53,-49,1,-1,5,98972,2374,7382,484,0xf,False,0x0
1783146764.437,213,213,46152,3,1,19208,-22,55,-149,5,-1,-5,98980,2375,7382,493,0xf,False,0x0
1783146764.697,214,214,46412,3,1,19134,-52,-56,-134,-4,-2,0,98990,2375,7382,517,0xf,False,0x0
1783146764.898,215,215,46612,3,1,19057,9,-42,-133,-3,-1,4,98999,2376,7382,492,0xf,False,0x0
1783146765.183,216,216,46898,3,1,18975,55,16,-124,3,-2,4,99010,2376,7382,500,0xf,False,0x0
1783146765.588,218,218,47303,3,1,18853,18,-23,-98,-5,-4,0,99027,2377,7382,486,0xf,False,0x0
1783146765.799,219,219,47513,3,1,18769,24,-11,-127,4,-5,-4,99036,2378,7381,511,0xf,False,0x0
1783146765.999,220,220,47714,3,1,18677,45,-20,-64,4,5,1,99044,2378,7381,493,0xf,False,0x0
1783146766.223,221,221,47937,3,1,18601,-14,13,-78,-3,-4,-3,99053,2378,7381,518,0xf,False,0x0
1783146766.423,222,222,48138,3,1,18534,-47,-38,-57,2,-2,-2,99061,2379,7381,517,0xf,False,0x0
1783146766.632,223,223,48346,3,1,18458,31,-51,-120,3,-4,-4,99070,2379,7381,511,0xf,False,0x0
1783146766.832,224,224,48547,3,1,18406,-23,-15,-83,3,1,5,99079,2380,7381,482,0xf,False,0x0
1783146767.033,225,225,48748,3,1,18330,-8,26,-120,3,-5,-2,99087,2380,7381,489,0xf,False,0x0
1783146767.233,226,226,48948,3,1,18283,33,49,-103,0,2,0,99095,2381,7381,510,0xf,False,0x0
1783146767.485,227,227,49200,3,1,18175,-60,58,-111,-5,2,-3,99106,2381,7381,507,0xf,False,0x0
1783146767.686,228,228,49400,3,1,18099,-46,29,-59,3,-1,-1,99115,2382,7381,508,0xf,False,0x0
1783146767.886,229,229,49601,3,1,18052,-48,-46,-86,1,-4,1,99123,2382,7381,484,0xf,False,0x0
1783146768.100,230,230,49815,3,1,17978,47,-6,-116,5,0,2,99132,2383,7381,509,0xf,False,0x0
1783146768.300,231,231,50015,3,1,17895,1,29,-83,0,-5,5,99141,2383,7380,489,0xf,False,0x0
1783146768.501,232,232,50216,3,1,17824,12,-28,-120,4,1,-2,99149,2384,7380,484,0xf,False,0x0
1783146768.702,233,233,50416,3,1,17775,35,37,-117,5,3,-1,99158,2384,7380,508,0xf,False,0x0
1783146768.903,234,234,50617,3,1,17706,-45,12,-125,-2,5,4,99167,2385,7380,486,0xf,False,0x0
1783146769.103,235,235,50817,3,1,17621,-32,-1,-35,-1,3,0,99175,2385,7380,498,0xf,False,0x0
1783146769.316,236,236,51030,3,1,17547,50,-31,-93,1,-2,-3,99185,2385,7380,506,0xf,False,0x0
1783146769.517,237,237,51231,3,1,17479,7,-58,-89,0,-2,2,99194,2386,7380,480,0xf,False,0x0
1783146769.727,238,238,51442,3,1,17407,36,17,-61,1,2,5,99203,2386,7380,491,0xf,False,0x0
1783146769.938,239,239,51653,3,1,17335,-44,42,-85,-4,-2,1,99212,2387,7380,511,0xf,False,0x0
1783146770.138,240,240,51853,3,1,17247,-22,0,-100,1,-1,-3,99221,2387,7380,496,0xf,False,0x0
1783146770.342,241,241,52056,3,1,17151,-2,1,-95,-5,1,5,99230,2388,7380,510,0xf,False,0x0
1783146770.542,242,242,52257,3,1,17101,36,-52,-130,-5,-5,-3,99239,2388,7380,511,0xf,False,0x0
1783146770.744,243,243,52458,3,1,17040,12,25,-106,-3,0,3,99248,2389,7380,502,0xf,False,0x0
1783146770.947,244,244,52662,3,1,16960,-4,9,-119,2,3,2,99257,2389,7379,498,0xf,False,0x0
1783146771.147,245,245,52862,3,1,16863,19,28,-99,4,-1,1,99266,2390,7379,489,0xf,False,0x0
1783146771.349,246,246,53063,3,1,16808,51,-57,-65,3,3,-3,99275,2390,7379,483,0xf,False,0x0
1783146771.549,247,247,53264,3,1,16737,41,59,-103,-2,-1,2,99284,2391,7379,514,0xf,False,0x0
1783146771.758,248,248,53472,3,1,16653,59,-50,-131,5,5,5,99294,2391,7379,500,0xf,False,0x0
1783146771.958,249,249,53673,3,1,16588,49,-33,-97,5,5,3,99303,2392,7379,510,0xf,False,0x0
1783146772.159,250,250,53873,3,1,16477,16,-45,-57,2,1,1,99312,2392,7379,513,0xf,False,0x0
1783146772.441,251,251,54155,3,1,16371,8,40,-95,4,-4,-2,99325,2393,7379,494,0xf,False,0x0
1783146772.641,252,252,54356,3,1,16325,-34,-21,-145,-4,1,-5,99334,2393,7379,489,0xf,False,0x0
1783146772.861,253,253,54576,3,1,16242,18,-10,-76,3,-1,-1,99344,2394,7379,520,0xf,False,0x0
1783146773.062,254,254,54776,3,1,16149,-23,29,-76,-1,-2,5,99354,2394,7379,495,0xf,False,0x0
1783146773.263,255,255,54977,3,1,16093,-37,47,-114,1,2,-2,99363,2395,7379,504,0xf,False,0x0
1783146773.463,256,256,55178,3,1,15991,-36,22,-131,3,3,-5,99373,2396,7378,483,0xf,False,0x0
1783146773.664,257,257,55378,3,1,15918,-23,7,-105,-5,5,5,99382,2396,7378,504,0xf,False,0x0
1783146773.864,258,258,55579,3,1,15827,14,13,-51,-3,-2,3,99391,2397,7378,495,0xf,False,0x0
1783146774.064,259,259,55779,3,1,15781,-49,-12,-115,-4,5,0,99401,2397,7378,502,0xf,False,0x0
1783146774.265,260,260,55979,3,1,15699,21,26,-92,5,1,5,99411,2398,7378,520,0xf,False,0x0
1783146774.489,261,261,56204,3,1,15608,33,-15,-83,-3,-2,-2,99421,2398,7378,483,0xf,False,0x0
1783146774.690,262,262,56405,3,1,15531,-41,-25,-55,-4,0,3,99431,2399,7378,491,0xf,False,0x0
1783146774.916,263,263,56631,3,1,15442,-52,-26,-107,-2,-4,4,99442,2399,7378,501,0xf,False,0x0
1783146775.117,264,264,56832,3,1,15370,22,51,-50,-4,-4,3,99452,2400,7378,501,0xf,False,0x0
1783146775.373,265,265,57088,3,1,15240,-34,-39,-91,2,-4,4,99464,2400,7378,509,0xf,False,0x0
1783146775.574,266,266,57288,3,1,15154,-30,21,-112,1,-1,-5,99474,2401,7378,480,0xf,False,0x0
1783146775.803,267,267,57518,3,1,15089,-35,19,-113,4,3,-4,99485,2402,7377,518,0xf,False,0x0
1783146776.004,268,268,57719,3,1,14988,2,-47,-83,5,4,4,99495,2402,7377,514,0xf,False,0x0
1783146776.405,270,270,58119,3,1,14817,17,-55,-87,4,2,0,99515,2403,7377,488,0xf,False,0x0
1783146776.652,271,271,58366,3,1,14712,-42,7,-65,0,-2,-5,99528,2404,7377,494,0xf,False,0x0
1783146776.852,272,272,58567,3,1,14657,-48,18,-79,-1,0,1,99538,2404,7377,520,0xf,False,0x0
1783146777.053,273,273,58768,3,1,14557,6,9,-83,2,1,-3,99548,2405,7377,487,0xf,False,0x0
1783146777.254,274,274,58969,3,1,14487,25,-24,-135,-4,5,0,99558,2405,7377,517,0xf,False,0x0
1783146777.527,275,275,59241,3,1,14378,23,59,-132,-4,3,-2,99572,2406,7377,501,0xf,False,0x0
1783146777.727,276,276,59442,3,1,14282,57,56,-101,5,5,2,99582,2407,7377,502,0xf,False,0x0
1783146777.972,277,277,59687,3,1,14173,-30,1,-65,3,-1,2,99595,2407,7377,489,0xf,False,0x0
1783146778.409,279,279,60124,3,1,13997,-5,-58,-70,-5,-5,1,99618,2409,7376,489,0xf,False,0x0
1783146778.610,280,280,60324,3,1,13882,43,3,-71,2,1,0,99628,2409,7376,484,0xf,False,0x0
1783146778.869,281,281,60584,3,1,13782,-4,-14,-128,-5,-3,4,99642,2410,7376,494,0xf,False,0x0
1783146779.072,282,282,60787,3,1,13690,27,-56,-84,-4,-3,5,99653,2410,7376,512,0xf,False,0x0
1783146779.343,283,283,61058,3,1,13564,20,-39,-109,0,-4,-5,99668,2411,7376,502,0xf,False,0x0
1783146779.544,284,284,61258,3,1,13511,-24,14,-51,-2,-2,4,99678,2412,7376,488,0xf,False,0x0
1783146779.777,285,285,61491,3,1,13409,30,49,-98,5,-5,4,99691,2412,7376,490,0xf,False,0x0
1783146779.977,286,286,61692,3,1,13291,19,-45,-99,1,0,-5,99702,2413,7376,505,0xf,False,0x0
1783146780.448,288,288,62163,3,1,13069,-41,-21,-153,-4,-1,5,99728,2414,7376,491,0xf,False,0x0
1783146780.658,289,289,62373,3,1,12984,24,15,-95,-3,-2,-5,99740,2415,7376,515,0xf,False,0x0
1783146780.859,290,290,62574,3,1,12919,-9,24,-76,-1,-3,2,99751,2416,7375,505,0xf,False,0x0
1783146781.096,291,291,62810,3,1,12781,-36,26,-146,5,-2,2,99764,2416,7375,504,0xf,False,0x0
1783146781.296,292,292,63010,3,1,12706,-21,48,-95,5,3,2,99775,2417,7375,502,0xf,False,0x0
1783146781.553,293,293,63268,3,1,12584,-21,0,-126,5,-3,4,99790,2418,7375,499,0xf,False,0x0
1783146781.767,294,294,63482,3,1,12470,-52,-38,-102,5,-1,-5,99802,2418,7375,502,0xf,False,0x0
1783146781.968,295,295,63682,3,1,12396,-27,16,-89,4,-5,-4,99814,2419,7375,493,0xf,False,0x0
1783146782.169,296,296,63884,3,1,12298,-35,-18,-91,4,-4,-4,99826,2420,7375,485,0xf,False,0x0
1783146782.369,297,297,64084,3,1,12195,3,21,-78,-1,-5,2,99838,2420,7375,519,0xf,False,0x0
1783146782.576,298,298,64291,3,1,12104,53,-46,-134,-2,2,-1,99850,2421,7375,505,0xf,False,0x0
1783146782.777,299,299,64491,3,1,11976,3,-54,-81,5,2,2,99862,2422,7375,506,0xf,False,0x0
1783146783.050,300,300,64764,3,1,11872,59,39,-71,5,2,0,99878,2422,7375,492,0xf,False,0x0
1783146783.251,301,301,64966,3,1,11752,3,-21,-104,-2,-1,-3,99890,2423,7375,487,0xf,False,0x0
1783146783.452,302,302,65166,3,1,11676,35,-8,-60,2,3,-3,99902,2424,7374,487,0xf,False,0x0
1783146783.859,304,304,65573,3,1,11458,20,-33,-99,2,-1,-3,99927,2425,7374,483,0xf,False,0x0
1783146784.059,305,305,65774,3,1,11337,59,-18,-153,-2,3,-1,99940,2426,7374,517,0xf,False,0x0
1783146784.260,306,306,65974,3,1,11251,48,-7,-50,0,5,-4,99952,2426,7374,503,0xf,False,0x0
1783146784.514,307,307,66229,3,1,11096,20,-35,-107,-1,-5,-2,99968,2427,7374,517,0xf,False,0x0
1783146784.715,308,308,66429,3,1,11030,-1,-40,-55,4,-2,1,99981,2428,7374,493,0xf,False,0x0
1783146784.995,309,309,66709,3,1,10848,-51,31,-108,3,3,5,99999,2429,7374,504,0xf,False,0x0
1783146785.195,310,310,66910,3,1,10751,37,57,-77,2,-2,-5,100012,2430,7374,493,0xf,False,0x0
1783146785.418,311,311,67133,3,1,10654,53,-25,-85,5,-2,-5,100027,2430,7374,499,0xf,False,0x0
1783146785.619,312,312,67333,3,1,10533,49,38,-50,-3,-2,1,100040,2431,7374,484,0xf,False,0x0
1783146786.056,314,314,67770,3,1,10307,-11,-11,-123,3,-3,1,100069,2433,7373,499,0xf,False,0x0
1783146786.306,315,315,68021,3,1,10135,41,-28,-93,5,1,-3,100086,2434,7373,505,0xf,False,0x0
1783146786.734,317,317,68448,3,1,9928,16,-18,-46,-5,4,-1,100116,2435,7373,493,0xf,False,0x0
1783146786.934,318,318,68649,3,1,9804,20,-10,-86,3,4,-5,100130,2436,7373,508,0xf,False,0x0
1783146787.202,319,319,68916,3,1,9634,24,50,-87,-2,2,-2,100148,2437,7373,484,0xf,False,0x0
1783146787.402,320,320,69117,3,1,9507,-49,-27,-141,3,-2,4,100163,2438,7373,481,0xf,False,0x0
1783146787.688,321,321,69402,3,1,9345,10,37,-101,-5,4,4,100184,2439,7373,515,0xf,False,0x0
1783146787.888,322,322,69602,3,1,9219,55,-30,-48,2,5,3,100198,2439,7373,490,0xf,False,0x0
1783146788.136,323,323,69851,3,1,9088,47,-34,-135,2,-5,2,100217,2440,7373,502,0xf,False,0x0
1783146788.337,324,324,70051,3,1,8972,59,-31,-118,-3,1,-5,100232,2441,7372,500,0xf,False,0x0
1783146788.598,325,325,70312,3,1,8793,12,58,-157,3,5,3,100252,2442,7372,511,0xf,False,0x0
1783146788.799,326,326,70513,3,1,8664,38,-20,-83,3,-3,-3,100267,2443,7372,501,0xf,False,0x0
1783146789.029,327,327,70744,3,1,8514,-36,-4,-68,1,-5,4,100285,2444,7372,489,0xf,False,0x0
1783146789.230,328,328,70945,3,1,8401,-6,24,-127,0,-3,0,100301,2445,7372,516,0xf,False,0x0
1783146789.473,329,329,71188,3,1,8238,-38,-40,-106,-3,5,2,100321,2446,7372,516,0xf,False,0x0
1783146789.674,330,330,71388,3,1,8107,55,-20,-83,3,1,4,100337,2447,7372,509,0xf,False,0x0
1783146789.953,331,331,71667,3,1,7903,-13,-16,-114,5,5,0,100360,2448,7372,496,0xf,False,0x0
1783146790.153,332,332,71867,3,1,7750,40,45,-103,0,2,-4,100377,2449,7372,485,0xf,False,0x0
1783146790.396,333,333,72111,3,1,7593,-23,51,-60,-4,-5,-3,100398,2450,7372,499,0xf,False,0x0
1783146790.597,334,334,72312,3,1,7434,-54,36,-102,-1,-1,-3,100415,2451,7372,488,0xf,False,0x0
1783146790.832,335,335,72546,3,1,7263,-31,11,-81,-3,-2,-5,100436,2452,7371,482,0xf,False,0x0
1783146791.032,336,336,72747,3,1,7149,-26,6,-38,-1,5,-5,100454,2453,7371,500,0xf,False,0x0
1783146791.271,337,337,72985,3,1,6934,60,25,-58,-5,2,-1,100476,2454,7371,517,0xf,False,0x0
1783146791.475,338,338,73190,3,1,6788,2,-31,-137,-4,-2,5,100496,2455,7371,486,0xf,False,0x0
1783146791.891,340,340,73605,3,1,6455,46,-14,-46,-1,-4,4,100536,2457,7371,481,0xf,False,0x0
1783146792.091,341,341,73806,3,1,6316,49,17,-45,3,3,-3,100556,2459,7371,483,0xf,False,0x0
1783146792.293,342,342,74008,3,1,6132,50,19,-114,-4,-5,4,100576,2460,7371,481,0xf,False,0x0
1783146792.494,343,343,74208,3,1,5943,-47,35,-55,1,-1,3,100597,2461,7371,510,0xf,False,0x0
1783146792.707,344,344,74421,3,1,5755,2,-15,-112,-5,-2,-5,100620,2462,7371,511,0xf,False,0x0
1783146792.908,345,345,74622,3,1,5614,-44,-26,-60,-5,4,5,100642,2463,7371,502,0xf,False,0x0
1783146793.165,346,346,74879,3,1,5367,-27,49,-76,-5,4,2,100671,2465,7371,501,0xf,False,0x0
1783146793.365,347,347,75079,3,1,5170,32,39,-76,-3,-2,-2,100694,2466,7370,519,0xf,False,0x0
1783146793.605,348,348,75319,3,1,4938,-16,-10,-108,3,-1,5,100724,2467,7370,495,0xf,False,0x0
1783146793.806,349,349,75521,3,1,4734,57,-48,-102,3,2,1,100749,2469,7370,520,0xf,False,0x0
1783146794.096,350,350,75810,3,1,4406,38,60,-102,0,-5,-5,100787,2471,7370,515,0xf,False,0x0
1783146794.296,351,351,76011,3,1,4176,33,27,1042,0,1,2,100814,2472,7370,509,0xf,False,0x0
1783146794.554,352,352,76269,3,1,3883,-37,-12,1161,-3,1,5,100852,2474,7370,484,0xf,False,0x0
1783146794.761,353,353,76476,3,1,3616,-50,44,948,-3,0,-4,100884,2476,7370,482,0xf,False,0x0
1783146795.165,355,355,76880,3,1,3041,-54,43,913,1,5,3,100953,2480,7370,485,0xf,False,0x0
1783146795.366,356,356,77081,3,1,2744,-46,3,1057,1,-1,5,100991,2482,7370,480,0xf,False,0x0
1783146795.567,357,357,77281,3,1,2372,-2,47,1034,-5,0,-3,101033,2484,7370,511,0xf,False,0x0
1783146795.768,358,358,77482,3,1,1988,-21,38,894,3,-1,0,101081,2487,7370,483,0xf,False,0x0
1783146795.976,359,359,77691,3,1,1490,19,29,1087,3,0,-2,101141,2490,7369,519,0xf,False,0x0
1783146796.177,360,360,77891,3,1,844,52,51,987,-4,2,3,101222,2494,7369,502,0xf,False,0x0
1783146796.392,361,361,78106,4,1,-2,-34,-60,1059,-1,1,4,101325,2500,7369,514,0xf,False,0x0
1783146796.606,362,362,78320,4,1,-9,-7,-45,995,-2,0,-2,101325,2500,7369,517,0xf,False,0x0
1783146796.806,363,363,78521,4,1,3,-36,-14,1134,4,1,-3,101325,2500,7369,518,0xf,False,0x0
1783146797.014,364,364,78728,4,1,4,-45,-44,1024,4,2,0,101325,2500,7369,484,0xf,False,0x0
1783146797.214,365,365,78929,4,1,1,-35,56,1131,3,3,5,101325,2500,7369,490,0xf,False,0x0
1783146797.415,366,366,79129,4,1,5,-52,-29,912,2,-3,2,101325,2500,7369,494,0xf,False,0x0
1783146797.615,367,367,79330,4,1,-15,-46,25,936,-5,-3,-4,101325,2500,7369,492,0xf,False,0x0
1783146797.871,368,368,79585,4,1,-11,-23,24,1037,-3,0,-5,101325,2500,7369,519,0xf,False,0x0
1783146798.076,369,369,79790,4,1,7,-9,-58,991,3,4,-2,101325,2500,7369,498,0xf,False,0x0
1783146798.276,370,370,79991,4,1,-1,34,55,998,0,-4,-3,101325,2500,7369,489,0xf,False,0x0
1783146798.480,371,371,80195,4,1,-18,21,54,938,4,-2,2,101325,2500,7368,490,0xf,False,0x0
1783146798.681,372,372,80395,4,1,-15,-29,2,883,-5,2,0,101325,2500,7368,480,0xf,False,0x0
1783146798.881,373,373,80596,4,1,-12,27,39,990,-3,-2,-5,101325,2500,7368,485,0xf,False,0x0
1783146799.082,374,374,80797,4,1,-6,-37,6,953,5,4,2,101325,2500,7368,497,0xf,False,0x0
1783146799.286,375,375,81001,4,1,-16,57,43,1103,-3,3,-2,101325,2500,7368,511,0xf,False,0x0
